time,temperature_2m_max,temperature_2m_min,temperature_2m_mean,precipitation_sum,wind_speed_10m_max
2025-03-20,30.2,21.3,24.7,1.4,11.8
2025-03-21,30.8,21.7,25.3,1.1,12.2
2025-03-22,28.5,22.0,24.1,7.7,9.8
2025-03-23,30.9,21.5,24.9,0.5,6.0
2025-03-24,29.6,21.4,24.8,3.9,5.8
2025-03-25,31.3,21.7,25.4,8.7,9.9
2025-03-26,29.5,21.8,24.9,7.9,6.4
2025-03-27,28.9,22.0,24.2,16.8,5.8
2025-03-28,28.8,21.8,24.0,41.5,8.1
2025-03-29,27.9,21.7,23.8,16.6,8.8
2025-03-30,27.9,21.2,23.5,9.1,8.1
2025-03-31,29.4,20.8,24.1,1.8,7.7
2025-04-01,28.4,21.5,23.8,29.0,6.6
2025-04-02,26.8,21.5,23.6,29.3,6.6
2025-04-03,27.8,21.2,23.5,38.1,7.1
2025-04-04,29.1,22.1,24.5,6.7,6.7
2025-04-05,28.0,21.0,24.1,1.2,7.2
2025-04-06,29.5,21.5,24.6,0.0,8.7
2025-04-07,28.2,21.6,24.3,0.1,6.9
2025-04-08,29.0,22.2,24.6,0.2,8.1
2025-04-09,28.7,21.6,24.5,1.0,8.2
2025-04-10,29.4,22.2,24.3,1.7,9.3
2025-04-11,27.5,22.0,23.7,0.9,6.5
2025-04-12,29.1,20.8,24.4,2.6,9.3
2025-04-13,28.3,21.2,24.2,2.9,6.4
2025-04-14,27.1,21.4,24.1,26.3,8.5
2025-04-15,27.8,22.5,24.5,0.0,6.4
2025-04-16,29.7,22.2,25.1,0.7,9.2
2025-04-17,28.3,21.5,24.1,22.4,6.4
2025-04-18,27.1,21.2,23.5,13.7,4.7
2025-04-19,28.5,21.8,23.9,25.1,7.4
2025-04-20,27.7,21.3,23.7,9.1,9.0
2025-04-21,28.9,21.8,24.3,4.6,9.2
2025-04-22,28.1,22.4,24.2,5.7,10.6
2025-04-23,29.2,21.5,24.5,0.0,11.7
2025-04-24,29.1,21.2,24.6,0.0,7.2
2025-04-25,29.6,21.3,24.8,0.2,6.6
2025-04-26,28.4,21.0,24.5,1.1,9.8
2025-04-27,28.7,21.4,24.1,0.0,11.6
2025-04-28,28.6,21.1,24.0,0.0,13.7
2025-04-29,28.2,21.6,24.1,0.0,8.9
2025-04-30,28.9,21.1,24.4,0.0,8.3
2025-05-01,29.4,21.5,24.7,0.3,7.3
2025-05-02,28.3,21.7,24.5,0.2,11.0
2025-05-03,29.5,21.1,24.7,0.7,9.9
2025-05-04,28.7,21.3,24.7,0.2,8.1
2025-05-05,29.5,22.0,24.9,0.2,8.7
2025-05-06,29.6,22.2,25.0,0.1,6.2
2025-05-07,29.0,22.6,24.9,0.6,6.2
2025-05-08,28.7,22.3,25.0,5.0,7.7
2025-05-09,28.6,21.3,23.7,31.1,6.9
2025-05-10,28.3,21.9,23.8,22.2,6.9
2025-05-11,28.0,20.7,23.4,30.6,7.5
2025-05-12,27.7,21.5,23.5,41.3,7.2
2025-05-13,27.3,20.9,23.6,8.8,8.1
2025-05-14,28.5,21.1,23.9,7.6,7.9
2025-05-15,27.8,21.2,24.0,7.8,7.1
2025-05-16,27.4,21.7,23.8,21.9,6.6
2025-05-17,26.7,21.8,23.7,11.6,7.1
2025-05-18,27.2,21.8,23.8,4.5,5.6
2025-05-19,27.2,21.7,23.4,22.8,6.0
2025-05-20,28.0,22.1,24.2,0.6,8.1
2025-05-21,27.1,22.4,24.1,11.2,8.7
2025-05-22,27.4,21.6,24.0,3.0,5.4
2025-05-23,27.3,21.5,23.7,7.6,5.8
2025-05-24,28.8,20.9,23.9,14.6,7.6
2025-05-25,28.8,21.3,24.3,19.1,6.8
2025-05-26,28.0,21.1,24.0,15.6,10.8
2025-05-27,25.6,21.4,23.2,19.3,6.0
2025-05-28,29.4,22.4,24.8,2.1,5.8
2025-05-29,30.1,22.2,25.1,0.8,9.4
2025-05-30,29.4,21.1,24.7,0.0,7.7
2025-05-31,29.2,21.9,24.6,1.7,8.2
2025-06-01,28.2,21.4,24.3,1.7,6.9
2025-06-02,28.3,21.9,24.7,0.1,6.8
2025-06-03,29.0,21.8,24.7,0.0,9.4
2025-06-04,29.0,21.0,24.2,0.9,8.9
2025-06-05,28.7,21.6,24.4,0.0,9.9
2025-06-06,29.5,21.4,24.5,0.0,9.3
2025-06-07,28.8,21.6,24.4,0.0,10.7
2025-06-08,27.6,22.0,23.9,1.3,8.6
2025-06-09,26.5,21.6,23.6,1.9,6.4
2025-06-10,28.5,20.8,23.8,0.2,6.7
2025-06-11,28.5,21.7,24.2,0.0,10.3
2025-06-12,28.0,20.0,23.6,0.0,7.8
2025-06-13,28.1,21.1,23.9,0.3,6.8
2025-06-14,29.5,21.4,24.2,2.6,9.8
2025-06-15,28.8,21.6,24.4,3.5,5.8
2025-06-16,28.2,21.7,24.2,0.2,6.6
2025-06-17,29.1,21.4,24.4,0.0,7.4
2025-06-18,29.3,20.7,23.9,0.0,12.1
2025-06-19,27.1,19.6,23.2,0.0,8.5
2025-06-20,27.7,20.3,23.6,0.3,6.9
2025-06-21,28.4,21.2,24.1,0.7,6.6
2025-06-22,26.7,20.9,23.2,1.5,7.3
2025-06-23,28.0,20.4,23.1,1.9,9.8
2025-06-24,27.1,20.0,23.3,2.2,7.1
2025-06-25,27.9,21.6,23.8,0.3,11.0
2025-06-26,27.4,21.5,23.8,1.1,8.7
2025-06-27,28.6,20.4,24.0,0.0,6.3
2025-06-28,27.9,21.2,23.4,0.7,8.8
2025-06-29,28.3,21.1,23.5,0.7,7.5
2025-06-30,27.8,19.9,23.4,0.8,9.2
2025-07-01,28.9,21.0,24.3,1.2,9.7
2025-07-02,29.7,21.1,24.3,1.5,6.1
2025-07-03,27.7,21.3,23.4,6.0,8.5
2025-07-04,25.0,20.8,22.5,2.3,10.9
2025-07-05,27.0,20.7,23.1,0.1,6.6
2025-07-06,26.1,21.1,23.0,1.3,5.8
2025-07-07,28.7,20.5,23.4,3.8,6.9
2025-07-08,27.1,20.8,22.8,0.2,12.7
2025-07-09,26.0,19.7,21.9,0.1,12.2
2025-07-10,27.0,18.9,22.0,0.0,7.8
2025-07-11,26.9,17.9,22.1,0.0,8.3
2025-07-12,27.7,19.4,22.6,1.4,9.6
2025-07-13,28.2,19.8,23.6,0.9,9.7
2025-07-14,26.7,21.5,23.3,0.6,8.8
2025-07-15,28.1,20.2,23.5,0.8,8.5
2025-07-16,28.0,20.6,23.1,0.6,13.3
2025-07-17,28.2,18.5,22.6,0.0,8.3
2025-07-18,27.4,19.9,22.4,0.1,9.7
2025-07-19,27.6,17.5,22.2,0.0,9.2
2025-07-20,26.9,18.4,21.8,0.0,10.0
2025-07-21,27.1,18.1,21.8,0.0,11.4
2025-07-22,27.4,16.3,21.7,0.0,9.8
2025-07-23,28.6,19.1,23.3,0.5,9.5
2025-07-24,28.4,19.9,23.3,2.5,9.9
2025-07-25,27.9,21.8,23.9,3.7,5.9
2025-07-26,29.1,21.7,24.2,3.7,7.6
2025-07-27,28.9,20.8,24.1,3.3,5.9
2025-07-28,28.3,21.8,23.7,12.7,9.1
2025-07-29,26.4,21.6,23.2,0.6,12.9
2025-07-30,27.0,21.2,22.9,2.2,14.8
2025-07-31,27.4,20.8,23.3,0.0,10.2
2025-08-01,28.7,20.9,24.1,0.0,10.5
2025-08-02,30.3,20.1,24.3,0.0,11.4
2025-08-03,29.5,20.9,23.7,3.4,7.6
2025-08-04,29.3,21.4,24.4,0.3,6.4
2025-08-05,29.3,20.8,23.9,2.3,8.3
2025-08-06,29.5,20.7,24.0,0.0,7.7
2025-08-07,29.2,19.9,23.7,0.1,9.4
2025-08-08,28.0,20.7,23.8,0.0,8.3
2025-08-09,29.0,20.5,24.0,0.0,9.2
2025-08-10,28.4,21.0,23.8,0.4,5.9
2025-08-11,28.1,20.5,23.6,3.3,8.3
2025-08-12,28.7,21.2,23.8,0.0,7.6
2025-08-13,28.7,20.7,23.6,3.0,7.9
2025-08-14,27.4,19.4,22.4,0.0,12.6
2025-08-15,28.5,18.5,22.5,1.0,10.5
2025-08-16,28.8,20.1,23.5,0.0,9.1
2025-08-17,28.7,19.3,23.3,0.0,10.1
2025-08-18,29.2,20.3,23.9,0.1,11.5
2025-08-19,28.2,21.1,23.2,16.6,8.5
2025-08-20,27.7,21.2,23.3,29.7,5.3
2025-08-21,27.9,20.4,23.7,0.0,7.1
2025-08-22,28.4,20.2,23.7,0.0,6.3
2025-08-23,29.0,19.4,23.9,0.0,10.8
2025-08-24,29.8,20.7,24.2,0.0,12.0
2025-08-25,29.0,20.5,23.4,0.0,12.5
2025-08-26,28.3,20.4,23.3,0.0,12.3
2025-08-27,27.9,20.5,22.7,12.0,14.6
2025-08-28,24.2,20.7,21.8,4.8,12.5
2025-08-29,26.7,21.1,22.6,11.8,10.6
2025-08-30,27.9,20.6,23.1,0.3,12.9
2025-08-31,29.1,20.4,23.7,0.0,12.0
2025-09-01,28.4,19.5,23.6,0.0,10.8
2025-09-02,30.0,19.3,24.1,0.0,17.7
2025-09-03,30.7,19.6,24.4,0.0,17.8
2025-09-04,29.6,20.7,24.3,0.0,10.5
2025-09-05,29.9,21.0,24.3,0.0,11.3
2025-09-06,27.5,21.0,23.2,0.4,13.3
2025-09-07,27.9,20.5,23.1,0.0,12.2
2025-09-08,28.4,20.5,23.3,1.7,13.3
2025-09-09,27.1,21.4,22.9,6.2,10.8
2025-09-10,25.9,21.2,22.7,8.7,7.4
2025-09-11,30.8,21.6,24.8,0.2,12.1
2025-09-12,29.0,20.5,24.0,0.8,11.7
2025-09-13,30.6,21.5,24.7,0.0,8.8
2025-09-14,28.8,21.4,24.1,0.0,10.6
2025-09-15,27.2,21.2,23.4,11.1,10.4
2025-09-16,27.1,21.3,23.4,18.5,10.9
2025-09-17,28.0,21.4,23.5,6.6,8.3
2025-09-18,28.8,21.3,23.7,0.2,7.6
2025-09-19,30.5,21.7,24.5,0.2,11.7
2025-09-20,30.5,20.9,24.9,0.4,10.9
2025-09-21,30.2,20.6,24.5,2.2,10.8
2025-09-22,30.0,21.6,24.8,0.0,10.8
2025-09-23,30.9,21.0,24.7,0.0,12.8
2025-09-24,29.9,20.5,24.1,1.8,9.4
2025-09-25,30.9,19.6,24.7,0.0,11.5
2025-09-26,30.1,21.3,24.7,1.7,11.0
2025-09-27,30.6,20.8,25.0,0.2,10.6
2025-09-28,32.3,20.9,25.8,0.0,16.6
2025-09-29,29.9,21.8,24.8,2.3,7.6
2025-09-30,27.6,21.5,23.5,1.1,7.2
2025-10-01,30.8,20.8,24.6,0.2,11.6
2025-10-02,32.1,19.5,24.9,0.0,11.7
2025-10-03,30.6,20.8,24.8,0.0,12.7
2025-10-04,31.1,21.3,25.0,0.0,8.8
2025-10-05,32.3,20.2,25.4,0.0,19.4
2025-10-06,31.4,20.5,24.8,0.0,15.0
2025-10-07,31.9,21.5,25.4,0.1,9.4
2025-10-08,30.0,21.9,24.9,0.0,13.8
2025-10-09,30.4,20.7,24.8,0.4,10.9
2025-10-10,28.9,20.7,23.8,1.1,7.4
2025-10-11,32.9,19.5,24.7,0.3,11.8
2025-10-12,32.0,21.4,25.6,0.6,13.7
2025-10-13,30.6,21.9,25.5,2.8,11.0
2025-10-14,31.9,21.8,25.9,0.3,13.1
2025-10-15,30.0,22.1,25.4,0.0,7.7
2025-10-16,31.1,22.7,25.9,0.0,8.7
2025-10-17,31.0,22.6,25.8,0.4,7.8
2025-10-18,31.4,22.2,26.0,0.3,11.4
2025-10-19,29.4,22.6,25.4,0.2,7.3
2025-10-20,30.8,21.7,25.2,6.8,10.1
2025-10-21,28.6,22.5,24.1,22.6,9.7
2025-10-22,27.3,21.8,23.3,36.2,7.7
2025-10-23,27.6,21.1,23.5,16.0,9.2
2025-10-24,29.0,21.6,23.8,15.1,7.3
2025-10-25,27.2,21.2,23.4,7.9,9.2
2025-10-26,29.4,21.5,24.1,2.7,9.6
2025-10-27,29.9,21.4,24.3,1.3,7.3
2025-10-28,28.1,21.8,24.2,2.0,8.8
2025-10-29,28.2,21.3,23.6,13.2,8.3
2025-10-30,28.5,21.7,24.1,2.2,10.7
2025-10-31,29.7,21.5,24.6,3.9,9.9
2025-11-01,30.1,21.9,24.6,4.4,10.8
2025-11-02,29.0,21.3,23.8,7.3,8.5
2025-11-03,27.5,20.7,23.6,20.2,11.0
2025-11-04,27.6,21.4,23.4,57.0,10.1
2025-11-05,27.5,21.3,23.3,42.8,8.2
2025-11-06,28.2,21.4,23.6,26.1,9.6
2025-11-07,28.8,21.2,23.9,32.1,9.9
2025-11-08,29.1,20.7,24.2,28.4,5.9
2025-11-09,28.0,21.6,23.7,21.1,7.1
2025-11-10,28.3,21.7,24.0,42.1,5.8
2025-11-11,29.2,21.5,23.4,43.4,6.5
2025-11-12,28.1,21.3,23.4,41.4,5.8
2025-11-13,28.4,20.7,23.4,19.1,11.1
2025-11-14,28.4,20.9,23.2,29.5,7.4
2025-11-15,27.3,21.2,23.1,34.2,8.8
2025-11-16,29.8,20.5,23.8,11.3,7.5
2025-11-17,27.8,21.8,23.7,28.9,8.4
2025-11-18,29.6,21.4,23.7,37.7,6.8
2025-11-19,27.0,21.7,23.2,48.4,6.1
2025-11-20,27.9,21.5,23.8,38.1,8.4
2025-11-21,27.5,21.3,23.6,74.5,8.2
2025-11-22,26.4,21.4,23.3,37.0,7.4
2025-11-23,29.3,21.1,23.5,53.2,9.5
2025-11-24,27.4,20.6,23.4,4.1,6.7
2025-11-25,30.3,20.0,24.2,1.2,9.1
2025-11-26,29.7,20.8,23.7,14.2,10.0
2025-11-27,28.3,20.6,23.5,4.5,9.3
2025-11-28,26.6,21.3,23.5,3.8,10.1
2025-11-29,27.3,19.3,23.0,4.4,12.1
2025-11-30,28.0,19.8,23.7,0.4,6.9
2025-12-01,28.8,21.3,24.2,0.8,10.2
2025-12-02,27.8,21.2,23.6,31.9,8.5
2025-12-03,29.0,22.2,24.3,8.1,5.9
2025-12-04,28.4,21.7,24.2,2.5,7.9
2025-12-05,28.6,21.6,23.7,10.4,8.3
2025-12-06,26.9,21.2,23.3,41.9,5.5
2025-12-07,28.4,21.4,24.0,4.4,6.9
2025-12-08,27.2,21.5,23.4,12.1,7.9
2025-12-09,27.3,21.5,23.4,5.7,7.2
2025-12-10,29.2,21.5,24.2,1.6,7.1
2025-12-11,29.0,20.8,24.0,6.8,8.8
2025-12-12,29.2,19.6,23.5,15.9,8.6
2025-12-13,29.7,20.6,24.6,9.0,8.4
2025-12-14,28.8,21.5,24.0,21.7,9.4
2025-12-15,29.7,20.6,23.6,2.9,11.6
2025-12-16,30.0,20.3,24.3,0.1,10.2
2025-12-17,29.9,20.4,24.8,2.4,8.2
2025-12-18,29.0,22.0,24.3,15.0,8.6
2025-12-19,29.0,21.3,24.0,4.4,7.6
2025-12-20,29.2,21.2,23.6,53.8,6.5
2025-12-21,29.5,21.4,23.9,10.9,8.9
2025-12-22,29.8,21.6,24.2,10.2,11.4
2025-12-23,29.6,21.6,24.8,2.8,11.2
2025-12-24,29.7,21.3,24.5,2.2,11.0
2025-12-25,30.5,21.4,25.2,2.2,9.3
2025-12-26,27.6,20.5,23.8,5.8,10.4
2025-12-27,28.4,22.2,24.5,2.2,9.7
2025-12-28,30.2,21.8,25.1,0.4,9.7
2025-12-29,29.1,22.1,24.7,0.5,10.3
2025-12-30,28.5,22.0,24.5,7.5,7.0
2025-12-31,26.8,21.8,23.5,27.8,6.7
2026-01-01,28.7,21.4,23.7,18.6,6.1
2026-01-02,25.6,21.2,23.1,32.6,6.7
2026-01-03,29.0,20.8,24.0,3.5,7.0
2026-01-04,28.3,21.6,23.9,17.9,7.7
2026-01-05,28.4,21.3,24.0,2.1,7.2
2026-01-06,29.3,21.6,24.9,1.3,10.7
2026-01-07,28.2,20.6,23.8,2.8,9.9
2026-01-08,29.5,20.7,23.7,4.6,9.9
2026-01-09,28.2,21.4,23.4,4.8,9.0
2026-01-10,26.9,21.2,23.0,19.3,6.4
2026-01-11,27.6,21.3,23.3,30.4,5.6
2026-01-12,28.2,21.0,24.3,1.6,9.0
2026-01-13,29.9,21.6,24.8,4.0,7.6
2026-01-14,28.9,21.4,23.4,29.3,5.5
2026-01-15,26.8,20.8,23.0,38.3,5.7
2026-01-16,29.6,19.7,24.1,4.7,6.6
2026-01-17,29.6,20.9,24.5,8.7,7.2
2026-01-18,27.2,21.6,23.6,33.5,4.8
2026-01-19,29.5,21.3,23.9,11.5,7.2
2026-01-20,30.7,21.3,24.3,8.6,6.7
2026-01-21,29.2,21.0,24.0,12.1,9.2
2026-01-22,28.8,21.4,23.8,11.7,6.9
2026-01-23,28.7,21.8,24.3,4.9,8.2
2026-01-24,31.2,21.8,25.5,0.0,8.9
2026-01-25,31.0,21.4,25.6,0.1,7.6
2026-01-26,30.7,22.1,25.4,2.1,8.5
2026-01-27,27.8,22.1,24.0,44.2,6.9
2026-01-28,28.1,21.4,23.5,38.9,5.2
2026-01-29,28.7,20.8,24.0,15.0,7.6
2026-01-30,28.6,20.2,23.9,22.7,9.4
2026-01-31,29.1,21.4,24.3,21.6,6.6
2026-02-01,29.3,20.9,23.4,8.3,9.2
2026-02-02,30.6,20.7,23.9,2.9,8.4
2026-02-03,29.3,19.8,23.6,12.1,10.3
2026-02-04,28.7,20.6,23.7,3.3,8.8
2026-02-05,29.5,20.9,24.0,8.0,7.7
2026-02-06,29.4,21.2,24.3,19.8,5.5
2026-02-07,27.9,21.7,24.2,31.3,6.0
2026-02-08,29.5,21.5,24.5,15.1,7.6
2026-02-09,27.8,21.6,23.9,22.2,6.3
2026-02-10,27.6,21.5,23.3,8.7,8.9
2026-02-11,26.2,21.3,23.4,23.1,4.7
2026-02-12,28.2,20.8,23.1,37.1,9.0
2026-02-13,27.0,20.7,23.0,19.6,6.4
2026-02-14,27.3,21.4,23.1,16.7,8.2
2026-02-15,27.0,21.2,23.6,14.5,6.7
2026-02-16,28.9,21.1,24.0,22.7,8.0
2026-02-17,29.0,21.4,24.2,40.4,6.4
2026-02-18,29.3,21.4,24.5,33.1,6.1
2026-02-19,29.4,21.7,24.5,15.4,9.2
2026-02-20,29.6,21.4,24.8,17.2,8.1
2026-02-21,29.0,22.0,24.4,15.4,6.8
2026-02-22,26.9,21.5,23.1,34.4,6.1
2026-02-23,25.2,21.0,22.7,63.1,6.7
2026-02-24,26.2,20.8,22.4,9.5,7.0
2026-02-25,26.9,20.9,23.3,10.8,5.0
2026-02-26,24.3,21.0,22.1,43.3,9.7
2026-02-27,25.2,20.6,22.3,22.2,6.9
2026-02-28,27.3,20.6,23.1,21.5,5.8
2026-03-01,29.4,21.4,24.1,5.2,8.9
2026-03-02,26.9,21.5,23.4,23.0,7.3
2026-03-03,28.8,21.2,23.9,14.7,6.1
2026-03-04,30.1,20.9,24.8,12.5,6.5
2026-03-05,27.5,21.3,23.4,8.1,9.2
2026-03-06,31.7,20.9,25.5,0.9,6.7
2026-03-07,31.0,21.6,25.2,6.0,6.1
2026-03-08,30.1,20.9,24.5,5.0,7.3
2026-03-09,27.8,21.3,23.9,9.6,6.7
2026-03-10,28.4,20.8,24.1,3.7,9.6
2026-03-11,28.9,20.9,23.7,8.4,12.4
2026-03-12,29.0,19.9,23.7,2.3,12.3
2026-03-13,28.9,20.7,24.1,1.4,10.1
2026-03-14,29.1,20.4,23.4,12.5,7.8
2026-03-15,28.7,20.3,23.2,56.2,6.9
2026-03-16,28.0,21.2,23.5,44.9,6.5
2026-03-17,27.8,21.1,23.6,14.0,7.7
2026-03-18,27.6,21.0,23.6,3.9,8.1
2026-03-19,28.3,21.8,23.8,7.2,9.3
2026-03-20,27.3,20.9,23.4,10.8,8.5
2026-03-21,29.0,20.8,23.9,14.2,8.9
2026-03-22,26.9,21.1,23.4,26.7,8.8
2026-03-23,29.5,19.8,24.1,1.5,9.3
2026-03-24,28.5,21.2,24.0,2.2,7.3
2026-03-25,28.2,21.1,23.7,14.8,6.4
2026-03-26,28.6,21.2,24.1,27.7,7.9
2026-03-27,27.8,20.9,24.0,13.1,8.2
2026-03-28,28.3,21.5,24.1,3.4,7.8
2026-03-29,29.0,21.8,24.5,0.7,6.8
2026-03-30,27.9,21.4,23.9,1.0,6.4
2026-03-31,28.8,21.1,24.1,0.7,5.8
2026-04-01,29.5,20.2,24.5,0.4,8.8
2026-04-02,28.1,21.5,24.3,1.0,6.7
2026-04-03,28.2,21.2,24.1,2.6,9.2
2026-04-04,29.0,20.9,24.5,1.0,10.1
2026-04-05,28.7,21.5,24.4,1.3,7.4
2026-04-06,28.8,21.6,24.3,8.2,6.4
2026-04-07,29.5,20.9,23.8,18.1,7.9
2026-04-08,28.5,21.0,24.1,16.6,7.1
2026-04-09,28.3,21.2,23.9,6.7,6.2
2026-04-10,28.2,21.7,23.8,11.2,8.9
2026-04-11,28.0,20.9,23.8,3.1,8.0
2026-04-12,28.4,20.4,24.1,2.1,6.5
2026-04-13,29.5,21.9,25.0,0.1,11.5
2026-04-14,28.8,21.4,24.7,0.0,9.7
2026-04-15,29.0,20.9,24.6,0.0,7.9
2026-04-16,29.2,20.5,24.5,0.1,7.8
2026-04-17,29.3,20.8,24.6,0.5,6.8
2026-04-18,29.0,20.5,24.4,0.2,7.2
2026-04-19,27.7,21.7,24.3,0.8,9.0
2026-04-20,29.2,20.9,24.9,0.0,8.5
2026-04-21,28.0,22.1,24.1,9.8,9.0
2026-04-22,28.2,22.0,24.4,3.1,11.1
2026-04-23,28.6,20.2,24.3,1.6,8.3
2026-04-24,31.0,21.1,25.4,0.0,10.6
2026-04-25,31.0,20.7,25.2,0.0,10.8
2026-04-26,29.9,21.2,25.0,1.9,9.4
2026-04-27,27.4,23.6,24.7,1.7,7.1
2026-04-28,28.9,22.5,25.1,0.9,7.0
2026-04-29,29.1,22.5,24.8,4.1,8.1
2026-04-30,29.1,22.1,24.5,2.4,7.2
2026-05-01,24.3,22.2,23.3,2.8,8.0
2026-05-02,29.1,21.9,24.5,0.9,6.4
2026-05-03,29.4,21.3,24.9,0.3,6.3
2026-05-04,29.5,21.4,25.0,0.0,6.5
2026-05-05,29.7,21.6,25.2,0.0,10.8
2026-05-06,29.8,21.0,24.9,0.0,9.7
2026-05-07,29.8,20.8,25.0,0.0,9.2
2026-05-08,30.6,21.8,25.3,0.0,7.8
2026-05-09,30.7,21.5,25.0,2.2,8.4
2026-05-10,29.8,21.6,25.0,0.8,7.2
2026-05-11,29.9,21.4,25.2,0.1,9.6
2026-05-12,29.9,21.5,25.3,0.0,6.3
2026-05-13,29.7,21.3,25.1,0.2,7.8
2026-05-14,29.7,21.9,25.1,0.1,8.1
2026-05-15,30.2,22.0,25.4,0.4,6.1
2026-05-16,29.3,22.2,24.8,1.1,10.7
2026-05-17,28.0,22.5,24.4,2.8,11.0
2026-05-18,29.1,22.2,24.1,6.0,10.2
2026-05-19,29.0,21.4,24.0,6.4,5.1
2026-05-20,29.3,21.4,24.6,6.7,7.1
2026-05-21,30.2,22.0,25.2,2.4,8.5
2026-05-22,29.0,22.8,24.9,8.6,5.6
2026-05-23,29.6,22.6,25.1,1.1,6.0
2026-05-24,29.0,20.8,24.5,1.5,7.9
2026-05-25,28.4,21.4,24.4,0.7,6.3
2026-05-26,28.1,21.6,23.8,8.0,6.3
2026-05-27,27.5,21.4,23.5,8.3,5.9
2026-05-28,27.1,20.4,23.4,10.3,9.1
2026-05-29,28.1,20.4,23.3,0.0,10.6
2026-05-30,27.6,19.4,22.9,0.0,10.0
2026-05-31,28.1,17.8,22.7,0.3,10.2
2026-06-01,28.1,19.2,23.4,0.0,8.4
2026-06-02,28.0,20.6,23.7,0.0,7.3
2026-06-03,28.2,20.9,23.8,0.0,8.5
2026-06-04,29.0,20.8,24.4,0.0,8.1
2026-06-05,28.8,20.7,24.4,0.0,9.5
2026-06-06,26.9,20.0,22.8,0.0,7.2
2026-06-07,28.1,17.9,22.4,0.0,6.5
2026-06-08,27.5,20.0,23.1,0.0,6.0
2026-06-09,28.0,17.2,22.7,0.0,5.6
2026-06-10,27.5,17.5,22.9,0.0,8.6
2026-06-11,29.1,19.9,23.8,0.0,7.3
2026-06-12,27.6,20.6,23.6,1.2,6.8
2026-06-13,27.7,21.4,24.0,0.5,5.0
2026-06-14,28.6,21.3,24.3,0.3,5.2
2026-06-15,29.4,19.9,23.8,0.0,10.6
2026-06-16,28.5,19.9,23.7,0.0,7.5
2026-06-17,28.2,18.9,23.3,0.0,6.9
2026-06-18,29.6,19.9,23.7,0.0,8.6
2026-06-19,29.6,18.9,23.6,0.0,8.8
2026-06-20,28.9,20.5,24.1,2.4,6.5
2026-06-21,29.2,20.5,24.3,0.3,8.1
2026-06-22,29.0,20.8,24.4,3.7,7.5
2026-06-23,29.6,20.7,24.4,1.0,6.5
2026-06-24,28.3,20.3,23.9,0.1,9.9
2026-06-25,28.6,20.6,24.1,0.0,6.4
2026-06-26,29.1,20.5,24.2,0.0,9.7
2026-06-27,27.6,20.8,23.5,1.2,9.1
2026-06-28,27.8,20.9,23.2,0.0,11.6
2026-06-29,28.3,16.4,22.1,0.0,9.5
2026-06-30,28.8,19.0,22.3,0.0,11.3
2026-07-01,28.7,17.9,22.3,0.0,11.9
2026-07-02,29.5,17.2,22.7,0.0,9.7
2026-07-03,28.9,17.7,22.8,0.0,7.2
2026-07-04,28.8,18.9,23.4,0.0,9.3
2026-07-05,29.2,18.2,23.7,0.0,8.2
2026-07-06,29.3,19.8,23.8,0.0,8.1
2026-07-07,27.4,20.4,23.1,0.0,15.1
2026-07-08,28.2,19.8,22.9,0.0,10.7
2026-07-09,28.7,17.9,22.6,0.0,9.4
2026-07-10,28.3,18.5,22.7,0.0,8.7
2026-07-11,28.3,18.5,22.7,0.0,9.4
2026-07-12,29.4,17.2,23.1,0.0,10.6
2026-07-13,29.1,18.0,23.1,0.0,11.3
2026-07-14,29.0,18.2,23.0,0.0,9.6
2026-07-15,29.5,16.9,23.0,0.0,11.9
2026-07-16,29.9,18.9,23.8,0.0,8.9
2026-07-17,30.6,19.0,23.6,0.0,7.4
2026-07-18,29.9,18.9,23.6,0.1,8.4
2026-07-19,29.6,19.0,23.3,1.6,9.7
2026-07-20,29.9,19.6,23.5,0.0,9.6
2026-07-21,27.5,20.0,22.9,0.0,13.6
2026-07-22,26.4,18.7,22.0,0.2,14.4
2026-07-23,26.0,19.8,22.0,0.1,15.5
2026-07-24,26.5,18.9,21.7,0.0,13.1
2026-07-25,28.4,16.8,22.0,0.0,11.2
2026-07-26,29.6,17.6,22.6,0.0,11.4
2026-07-27,29.3,17.6,23.0,0.0,10.9
2026-07-28,29.1,18.1,23.2,0.0,9.7
2026-07-29,28.3,19.7,23.2,4.1,7.4
2026-07-30,29.2,19.9,23.4,1.3,7.5
2026-07-31,29.4,19.6,23.4,0.0,8.6
2026-08-01,29.7,17.3,23.2,0.0,11.3
2026-08-02,30.1,18.5,24.3,0.3,11.3
2026-08-03,29.2,20.4,24.4,0.0,12.3
2026-08-04,30.0,20.1,24.0,0.0,9.4
2026-08-05,28.6,19.1,23.2,0.0,11.4
2026-08-06,29.1,18.6,23.3,0.0,10.8
2026-08-07,28.8,19.4,23.5,0.0,11.4
2026-08-08,29.4,19.4,23.1,0.1,10.8
2026-08-09,29.1,19.9,23.1,0.3,10.8
2026-08-10,29.2,18.7,22.6,0.0,10.2
2026-08-11,29.2,19.0,22.8,0.0,11.9
2026-08-12,30.3,16.8,23.4,0.0,9.7
2026-08-13,29.9,18.7,23.6,0.0,11.2
2026-08-14,30.6,18.9,23.1,0.9,14.6
2026-08-15,29.7,19.6,23.1,1.0,7.1
2026-08-16,31.1,18.6,24.4,0.5,9.2
2026-08-17,30.4,20.1,24.2,5.4,11.4
2026-08-18,29.9,19.7,24.1,0.0,12.8
2026-08-19,29.5,19.0,23.7,0.0,15.1
2026-08-20,28.7,18.9,23.5,0.1,12.3
2026-08-21,29.9,18.5,23.7,0.4,11.8
2026-08-22,29.3,20.5,23.9,0.5,11.6
2026-08-23,29.6,20.1,23.7,0.8,10.6
2026-08-24,29.0,20.8,23.6,0.1,9.7
2026-08-25,29.2,17.1,23.2,0.1,8.9
2026-08-26,30.5,19.3,23.8,0.1,9.4
2026-08-27,29.1,20.5,23.3,0.0,15.9
2026-08-28,29.3,18.5,22.8,0.0,15.0
2026-08-29,30.0,16.8,22.8,0.0,11.2
2026-08-30,30.7,18.2,24.0,0.1,13.1
2026-08-31,31.7,19.5,24.1,2.6,11.1
2026-09-01,30.5,19.2,24.0,0.0,9.5
2026-09-02,30.1,17.7,23.3,0.0,10.5
2026-09-03,30.6,20.4,24.1,0.0,10.8
2026-09-04,30.0,19.2,23.2,0.0,11.6
2026-09-05,29.2,20.0,23.4,0.0,15.9
2026-09-06,28.5,18.0,22.5,1.9,14.4
2026-09-07,27.5,20.0,22.7,0.6,13.4
2026-09-08,28.4,19.6,22.5,8.7,9.5
2026-09-09,28.1,20.7,23.5,1.4,12.2
2026-09-10,29.3,20.2,23.4,1.4,10.1
2026-09-11,30.9,20.0,24.3,0.2,7.6
2026-09-12,32.3,20.1,24.9,0.0,16.7
2026-09-13,31.4,17.3,24.0,0.0,13.5
2026-09-14,31.8,19.4,24.3,2.3,9.8
2026-09-15,29.2,19.3,23.5,1.4,12.1
2026-09-16,31.3,19.8,24.2,0.6,9.3
2026-09-17,31.2,20.0,24.4,1.0,10.6
2026-09-18,32.0,18.8,24.3,0.7,8.8
2026-09-19,30.2,19.8,24.2,4.8,9.5
2026-09-20,31.3,19.9,24.4,0.3,9.4
